sku,color_name,category,image_url
G001,Gloss Black,Glossy,https://static.tildacdn.com/stor3864-3032-4864-b433-323864643964/94935416.jpg
G002,Ice Blue,Glossy,https://static.tildacdn.com/stor3262-3131-4662-b131-323966323735/76577801.jpg
G003,Ferrari Red,Glossy,https://static.tildacdn.com/stor6537-6232-4435-a263-333536643065/34292280.jpg
G004,Light Grey,Glossy,https://static.tildacdn.com/stor6535-3366-4232-b830-616231353362/86521089.jpg
G005,Pepper White,Glossy,https://static.tildacdn.com/stor3562-3264-4535-b364-633362623863/23214558.jpg
G006,Gloss White,Glossy,https://static.tildacdn.com/stor3633-6230-4134-a333-393265623731/26641970.jpg
G007,Jade White,Glossy,https://static.tildacdn.com/stor3163-6434-4062-b066-626365613236/74981205.jpg
G008,Midnight Blue,Glossy,https://static.tildacdn.com/stor3033-3536-4232-b936-393061633131/78850962.jpg
G009,Pearl Pink,Glossy,https://static.tildacdn.com/stor3636-6263-4332-b939-623437326264/45317653.jpg
G010,Neptune Blue,Glossy,https://static.tildacdn.com/stor3766-6239-4137-a437-353762623836/19054295.jpg
G011,Limestone,Glossy,https://static.tildacdn.com/stor6462-3330-4264-a334-363439393533/79553929.jpg
G012,Mint Green,Glossy,https://static.tildacdn.com/stor6139-3064-4531-b134-373663396538/87390391.jpg
G013,Strawberry Red,Glossy,https://static.tildacdn.com/stor3837-3136-4863-a434-396139666430/68591049.jpg
G014,Saga Green,Glossy,https://static.tildacdn.com/stor6538-3230-4638-b163-666565633165/27750152.jpg
G015,Green Hell,Glossy,https://static.tildacdn.com/stor3935-3432-4562-b433-303834393764/59202107.jpg
G016,Gloss Tiffany,Glossy,https://static.tildacdn.com/stor3265-6336-4366-a434-346335363530/18867732.jpg
G017,Vintage Green,Glossy,https://static.tildacdn.com/stor3166-3536-4134-a163-336164653234/84216317.jpg
G018,Warm Sand,Glossy,https://static.tildacdn.com/stor6237-6334-4161-a335-333638396631/83218401.jpg
G019,Grayish Green,Glossy,https://static.tildacdn.com/stor3033-3966-4732-b635-643764643262/37073455.jpg
G020,Arctic Grey,Glossy,https://static.tildacdn.com/stor3966-3738-4731-a430-303364613162/14155686.jpg
G021,Viper Green,Glossy,https://static.tildacdn.com/stor3530-3139-4364-b739-306264333663/54548655.jpg
G022,Agate Grey,Glossy,https://static.tildacdn.com/stor3031-3161-4338-b265-623338643965/65730355.jpg
G023,Miami Blue,Glossy,https://static.tildacdn.com/stor3135-3264-4335-b237-646330346364/83411833.jpg
G024,McLaren Orange,Glossy,https://static.tildacdn.com/stor6232-6235-4533-b761-323638326161/83565135.jpg
G025,Manta Violet,Glossy,https://static.tildacdn.com/stor3531-6234-4233-b135-373362393931/22963099.jpg
G026,Misty Grey Purple,Glossy,https://static.tildacdn.com/stor6534-3733-4230-a566-376362343339/85024307.jpg
G027,AMG-China Blue,Glossy,https://static.tildacdn.com/stor3266-6233-4035-a232-386235663863/17937187.jpg
G028,Lava Orange,Glossy,https://static.tildacdn.com/stor3938-3536-4861-a537-656332353736/11769395.jpg
G029,Sahara Yellow,Glossy,https://static.tildacdn.com/stor6236-3334-4063-b663-616132306239/91477506.jpg
G030,AMG Desert Sand,Glossy,https://static.tildacdn.com/stor3834-3963-4237-b232-653363396137/93561761.jpg
G031,Desert Yellow,Glossy,https://static.tildacdn.com/stor3931-3334-4133-b738-613539356430/64201448.jpg
G032,Dark Sea Blue,Glossy,https://static.tildacdn.com/stor6566-6532-4031-b132-363536373335/37739579.jpg
G033,Concrete Grey,Glossy,https://static.tildacdn.com/stor3137-3865-4965-b962-303561383731/17900144.jpg
G034,Adriatic Blue,Glossy,https://static.tildacdn.com/stor6163-3761-4466-b862-376532623333/65351841.jpg
G035,Acid Green,Glossy,https://static.tildacdn.com/stor6264-3632-4436-b664-333133353363/35314929.jpg
G036,Beets Purple,Glossy,https://static.tildacdn.com/stor6434-3338-4861-b733-336432396330/96335927.jpg
G037,Auratium Green,Glossy,https://static.tildacdn.com/stor3239-3737-4165-b032-626236313538/46486726.jpg
G038,Speed Yellow,Glossy,https://static.tildacdn.com/stor3538-3132-4631-a235-616139333737/82721523.jpg
G039,Starlight Gem Red,Glossy,https://static.tildacdn.com/stor6263-6462-4538-a361-623736306162/92362782.jpg
G040,Lavender Purple,Glossy,https://static.tildacdn.com/stor3135-6335-4630-a439-623432323235/99793096.jpg
G041,Chartreuse Green,Glossy,https://static.tildacdn.com/stor3933-3965-4234-b037-613230333765/94475763.jpg
G042,Battleship Grey,Glossy,https://static.tildacdn.com/stor6131-3239-4933-a264-616238626666/86331062.jpg
G043,Aromred Green,Glossy,https://static.tildacdn.com/stor3537-3462-4161-b765-306432383331/72362885.jpg
G044,Marykay Pink,Glossy,https://static.tildacdn.com/stor3766-3066-4562-b765-303138643163/89019293.jpg
G045,Deep Emerald Green,Glossy,https://static.tildacdn.com/stor3839-3462-4064-b339-396139393461/77846163.jpg
G046,Bubble Tea,Glossy,https://static.tildacdn.com/stor3965-3034-4235-a262-656263663435/68363787.jpg
G047,First Light Kiss,Glossy,https://static.tildacdn.com/stor3336-3664-4863-b862-303566663736/95857431.jpg
G048,Crayon Grey,Glossy,https://static.tildacdn.com/stor3532-3461-4661-b632-643163366466/79602112.jpg
G049,Provence,Glossy,https://static.tildacdn.com/stor3635-3031-4366-b135-663465353363/47656079.jpg
G050,Victoria's Purple,Glossy,https://static.tildacdn.com/stor3666-6137-4135-b738-333563656234/20431179.jpg
G051,Black Olive,Glossy,https://static.tildacdn.com/stor3831-3531-4766-b033-333262653536/82786865.jpg
G052,Sea Breeze Blue,Glossy,https://static.tildacdn.com/stor6561-3532-4331-a664-363936616333/44117360.jpg
G053,Chocolate,Glossy,https://static.tildacdn.com/stor3362-3833-4438-b939-356534643764/97557304.jpg
G054,Storm Gray,Glossy,https://static.tildacdn.com/stor3963-3439-4334-b764-376466393236/97075315.jpg
G055,Flame Red,Glossy,https://static.tildacdn.com/stor6564-3536-4334-b732-356465653633/55971395.jpg
GM001,Deep Emerald,Glossy Metal,https://static.tildacdn.com/stor3033-3166-4833-a638-343264663762/35666075.jpg
GM002,Midnight Violet,Glossy Metal,https://static.tildacdn.com/stor6539-6434-4138-a563-326461353965/26594840.jpg
GM003,GT Silver,Glossy Metal,https://static.tildacdn.com/stor3730-3538-4836-b562-363834666561/62973037.jpg
GM004,Milan Gold,Glossy Metal,https://static.tildacdn.com/stor6365-6463-4530-a538-393436313762/25309380.jpg
GM005,Frozen Berry,Glossy Metal,https://static.tildacdn.com/stor3766-3830-4466-a138-346566316232/81078668.jpg
GM006,English Green,Glossy Metal,https://static.tildacdn.com/stor6539-3730-4265-b030-306265346239/27750203.jpg
GM007,Selenite Grey,Glossy Metal,https://static.tildacdn.com/stor3631-3535-4336-b566-343436663462/14424838.jpg
GM008,No Photo,Glossy Metal,
GM009,Brooklyn Grey,Glossy Metal,https://static.tildacdn.com/stor3737-3638-4163-b765-353332383831/61899740.jpg
GM010,Emerald Green,Glossy Metal,https://static.tildacdn.com/stor6635-6233-4161-b334-366464366239/60088771.jpg
GM011,ByronBay Blue,Glossy Metal,https://static.tildacdn.com/stor3439-6431-4336-b562-653262643963/28031141.jpg
GM012,Bernina Grey,Glossy Metal,https://static.tildacdn.com/stor3337-3861-4635-b761-373763613239/11536023.jpg
GM013,Grey Violet,Glossy Metal,https://static.tildacdn.com/stor3636-3335-4337-b765-646431376362/87747282.jpg
GM014,Frozen Blue,Glossy Metal,https://static.tildacdn.com/stor6261-6162-4365-a365-326630613430/68196444.jpg
GM015,Galaxy Green,Glossy Metal,https://static.tildacdn.com/stor6166-6637-4363-a139-316466656235/23541221.jpg
GM016,San Marino Blue,Glossy Metal,https://static.tildacdn.com/stor3039-3338-4661-b865-303562393265/98207131.jpg
GM017,Mountain Green,Glossy Metal,https://static.tildacdn.com/stor3766-3337-4361-b364-653334383637/76456530.jpg
GM018,Black Metallic,Glossy Metal,https://static.tildacdn.com/stor3465-3231-4339-b461-353133366531/43278796.jpg
GM019,Black Rose,Glossy Metal,https://static.tildacdn.com/stor3436-3231-4665-b463-336130373136/25600926.jpg
GM020,Black Cherry,Glossy Metal,https://static.tildacdn.com/stor6230-6135-4765-b661-366435653564/51625885.jpg
GM021,Montego Blue,Glossy Metal,https://static.tildacdn.com/stor3030-3265-4264-b132-613034643763/89128427.jpg
GM022,Blue Metallic,Glossy Metal,https://static.tildacdn.com/stor6436-6131-4538-a434-363865643639/82175130.jpg
GM023,Amethyst Metallic,Glossy Metal,https://static.tildacdn.com/stor3131-6364-4466-b062-323165623862/26905811.jpg
GM024,Blue Navarre,Glossy Metal,https://static.tildacdn.com/stor6539-6461-4630-b632-303730663265/22639997.jpg
GM025,Tourmaline Grey,Glossy Metal,https://static.tildacdn.com/stor3031-3838-4562-a333-303230343664/17591794.jpg
GM026,Scarlet,Glossy Metal,https://static.tildacdn.com/stor3131-3533-4636-a666-303236623961/55282148.jpg
GM027,Francis Green,Glossy Metal,https://static.tildacdn.com/stor6165-3663-4230-b562-313138343237/17123247.jpg
GM028,Talc Grey,Glossy Metal,https://static.tildacdn.com/stor6530-3631-4436-b431-646565386331/75692199.jpg
GM029,Blueberry Metallic,Glossy Metal,https://static.tildacdn.com/stor3534-6533-4366-a363-313838656464/71469946.jpg
GM030,Royal Green,Glossy Metal,https://static.tildacdn.com/stor3962-6561-4130-b862-376338646533/14417199.jpg
GM031,Speed Orange,Glossy Metal,https://static.tildacdn.com/stor3234-3936-4663-b838-623065346263/15402744.jpg
GM032,Mamba Green,Glossy Metal,https://static.tildacdn.com/stor3237-3566-4332-a138-306666383766/13839284.jpg
GM033,Coal Ash,Glossy Metal,https://static.tildacdn.com/stor6262-3438-4332-b432-333634623763/25359844.jpg
GM034,Deep Champagne Gold,Glossy Metal,https://static.tildacdn.com/stor3330-6666-4437-b361-663636663834/93326563.jpg
GM035,Mountains Green,Glossy Metal,https://static.tildacdn.com/stor3934-3230-4635-b261-323031643034/56880765.jpg
GM036,Shark Blue,Glossy Metal,https://static.tildacdn.com/stor3030-3839-4131-a439-363935343238/31835484.jpg
GM037,Sonoma Green,Glossy Metal,https://static.tildacdn.com/stor3265-3266-4364-b864-626636613335/83598224.jpg
GM038,Light Champagne Gold,Glossy Metal,https://static.tildacdn.com/stor6562-3036-4438-a137-356230643837/88129614.jpg
GM039,Stardust Purple,Glossy Metal,https://static.tildacdn.com/stor6133-3138-4166-b263-346162326666/59710267.jpg
GM040,Akko Gold,Glossy Metal,https://static.tildacdn.com/stor6161-3935-4661-a563-396637326165/56596370.jpg
GM041,Silver Grey,Glossy Metal,https://static.tildacdn.com/stor6264-6434-4234-b164-343162616265/99195027.jpg
GM043,Forest Green,Glossy Metal,https://static.tildacdn.com/stor3734-3262-4339-b737-386336353966/54074557.jpg
GM044,Aventurine Green,Glossy Metal,https://static.tildacdn.com/stor6239-3462-4333-a639-323233333061/60101441.jpg
GM045,Graphite Grey,Glossy Metal,https://static.tildacdn.com/stor3536-6433-4934-b961-656237656132/58435973.jpg
GM046,Passion Pink,Glossy Metal,https://static.tildacdn.com/stor3233-3032-4538-b538-353666633730/75394817.jpg
GM048,Tungsten Steel,Glossy Metal,https://static.tildacdn.com/stor3237-6234-4335-b565-313437373136/93954751.jpg
GM049,Silver Metallic,Glossy Metal,https://static.tildacdn.com/stor3932-3533-4336-a236-663531333835/93366934.jpg
GM050,Hadlin Green,Glossy Metal,https://static.tildacdn.com/stor6363-3564-4539-b338-626133653965/29079047.jpg
GM052,Pearl White,Glossy Metal,https://static.tildacdn.com/stor3639-3562-4534-a530-366437653066/19899198.jpg
GM053,Shell White,Glossy Metal,https://static.tildacdn.com/stor6166-6565-4934-b738-383431373934/71798149.jpg
GM054,Shell White Gold,Glossy Metal,https://static.tildacdn.com/stor6339-3763-4262-b537-383433343065/84106006.jpg
GM055,Shell White Blue,Glossy Metal,https://static.tildacdn.com/stor3831-6430-4666-b763-313737363037/62365362.jpg
GM056,Shell White Red,Glossy Metal,https://static.tildacdn.com/stor6631-3961-4431-a430-353439373034/97939607.jpg
GM057,Shell White Purple,Glossy Metal,https://static.tildacdn.com/stor3363-6132-4433-b136-646365386262/62844658.jpg
GM058,Liquid Shell Pink,Glossy Metal,https://static.tildacdn.com/stor3237-3132-4264-a363-666465623832/27745045.jpg
GM059,Liquid Bronze,Glossy Metal,https://static.tildacdn.com/stor6161-3266-4439-b734-356333376232/40188690.jpg
GM060,Liquid Dragon Red,Glossy Metal,https://static.tildacdn.com/stor3032-3539-4230-a564-343335666235/23612689.jpg
GM061,Liquid Mercury Grey,Glossy Metal,https://static.tildacdn.com/stor6562-3662-4031-a135-663533396561/18430518.jpg
GM062,Liquid Gun Grey,Glossy Metal,https://static.tildacdn.com/stor6561-3732-4164-b262-356664643965/54741363.jpg
GM063,Liquid Somato Blue,Glossy Metal,https://static.tildacdn.com/stor3764-6432-4565-b537-663638306663/51577694.jpg
GM064,Liquid Tungsten Steel,Glossy Metal,https://static.tildacdn.com/stor6431-3063-4966-a137-373133326366/84188382.jpg
GM065,Liquid Mousse white,Glossy Metal,https://static.tildacdn.com/stor6639-6538-4462-a234-663131336661/23184205.jpg
GM066,Liquid Crescent White,Glossy Metal,https://static.tildacdn.com/stor3930-3233-4530-b462-363730366562/22642326.jpg
GM067,Liquid Silver,Glossy Metal,https://static.tildacdn.com/stor3366-3164-4138-b934-313030663264/70503411.jpg
GM068,Liquid Cherry Red,Glossy Metal,https://static.tildacdn.com/stor3363-3733-4530-a536-356466623137/98317128.jpg
GM069,Liquid Alpine Green,Glossy Metal,https://static.tildacdn.com/stor6434-6232-4464-b436-666134633533/36608040.jpg
GM070,Coffee Beige,Glossy Metal,https://static.tildacdn.com/stor6237-3364-4763-a261-613965666463/51046820.jpg
GM071,Liquid Pink Champagne,Glossy Metal,https://static.tildacdn.com/stor6363-6466-4232-b930-613536366662/17415035.jpg
GM072,Liquid Pinkish Purple,Glossy Metal,https://static.tildacdn.com/stor3665-3932-4238-a536-396537626135/97377353.jpg
GM073,Liquid Tungsten Blue,Glossy Metal,https://static.tildacdn.com/stor3534-6266-4638-a232-613531383739/16613814.jpg
GM074,Liquid Star Silver,Glossy Metal,https://static.tildacdn.com/stor3937-3532-4630-a262-353331316261/58146765.jpg
GM075,Liquid Senior Grey,Glossy Metal,https://static.tildacdn.com/stor3736-3261-4565-b339-326339396634/13611391.jpg
GM076,Violet Rays,Glossy Metal,https://static.tildacdn.com/stor3636-6164-4132-b431-613136633839/72959963.jpg
GM077,Santorini Black,Glossy Metal,https://static.tildacdn.com/stor6364-3637-4635-b765-356135353533/22005371.jpg
MM001,Matt Metal White,Matt Metal,https://static.tildacdn.com/stor3539-3066-4337-b463-353036656434/53878966.jpg
MM002,Matt Metal Black,Matt Metal,https://static.tildacdn.com/stor3361-6530-4563-b665-346235373138/56819246.jpg
MM003,Matt Metal Space Grey,Matt Metal,https://static.tildacdn.com/stor3335-6535-4432-b438-643561326437/33028767.jpg
MM004,Matt Metal Titanium Grey,Matt Metal,https://static.tildacdn.com/stor3664-3538-4331-b462-333935346466/83992203.jpg
MM005,Matt Metal Titanium Sliver,Matt Metal,https://static.tildacdn.com/stor6630-6562-4664-b964-633439303739/12026498.jpg
MM006,Matt Metal AMG Grey,Matt Metal,https://static.tildacdn.com/stor6534-3565-4434-a331-326237376562/80154376.jpg
MM007,Matt Metal Night Purple,Matt Metal,https://static.tildacdn.com/stor6630-6430-4830-b739-373137653466/71517752.jpg
MM008,Matt Metal Tungsten Steel,Matt Metal,https://static.tildacdn.com/stor3231-3566-4862-b361-633530363434/78109512.jpg
MM009,Matt Metal Venom Green,Matt Metal,https://static.tildacdn.com/stor3033-6662-4838-a463-343738613866/68418504.jpg
MM010,Matt Metal Army Green,Matt Metal,https://static.tildacdn.com/stor6338-3036-4732-b163-323839643035/84258799.jpg
MM011,Matt Metal Rose Gold,Matt Metal,https://static.tildacdn.com/stor6636-6439-4134-b232-343535306439/52929164.jpg
MM012,Matt Metal Olive Green,Matt Metal,https://static.tildacdn.com/stor3132-3430-4164-b139-313032653339/11351258.jpg
MM013,Matt Metal Black Purple,Matt Metal,https://static.tildacdn.com/stor3435-6332-4433-b838-323363333631/57395300.jpg
MM014,Matt Metal Blackish Green,Matt Metal,https://static.tildacdn.com/stor3036-6464-4539-b462-613434366563/30911780.jpg
MM015,Matt Metal Capri Grey Purple,Matt Metal,https://static.tildacdn.com/stor6632-3735-4139-a336-396337633533/84197500.jpg
MM016,Matt Metal Dark silver,Matt Metal,https://static.tildacdn.com/stor6134-6437-4437-b362-346162653365/64880251.jpg
MM017,Matt Metal Leaden Grey,Matt Metal,https://static.tildacdn.com/stor3062-6364-4431-b739-316231613462/16826641.jpg
MM018,Matt Metal Gun Grey,Matt Metal,https://static.tildacdn.com/stor3964-6438-4961-b435-383861356431/98565864.jpg
MM019,Matt Metal COVERT GREEN,Matt Metal,https://static.tildacdn.com/stor6639-6261-4337-b062-363562366630/45954079.jpg
MM020,Matt Metal Liquid Silver,Matt Metal,https://static.tildacdn.com/stor3663-3233-4733-b133-363466303637/58946008.jpg
MM021,Matt Metal Shell White,Matt Metal,https://static.tildacdn.com/stor3566-3638-4134-b536-653961303136/57984264.jpg
MM022,Matt Metal Pearl White,Matt Metal,https://static.tildacdn.com/stor3931-3132-4262-a634-643166653434/99912699.jpg
MM023,Matt Metal Racing Blue,Matt Metal,https://static.tildacdn.com/stor6661-6666-4662-a138-333064376666/72406550.jpg
MM024,Matt Metal Romanee Red,Matt Metal,https://static.tildacdn.com/stor6264-3664-4336-a239-333862323530/74635835.jpg
MM025,Matt Metal Blue With Gold,Matt Metal,https://static.tildacdn.com/stor6466-6361-4635-a465-366334376665/34947800.jpg
MM026,Matt Metal Ceramic black,Matt Metal,https://static.tildacdn.com/stor3230-6633-4664-a161-643261643837/75942645.jpg
MM028,Matt Metal Star Silver,Matt Metal,https://static.tildacdn.com/stor6632-6265-4333-a632-343735366361/74858276.jpg
MM029,Matt Metal Black Blue,Matt Metal,https://static.tildacdn.com/stor3163-6531-4334-b464-313661333836/32571278.jpg
MM030,Matt Metal Crescent White,Matt Metal,https://static.tildacdn.com/stor6533-3135-4165-a564-323836643666/95352903.jpg
MM031,Matt Metal Extreme Black,Matt Metal,https://static.tildacdn.com/stor6466-6663-4135-a638-393338646330/53181289.jpg
MM032,Matt Metal Knight Gray,Matt Metal,https://static.tildacdn.com/stor6330-3337-4366-a165-373430336662/77740184.jpg
MM033,Matt Metal Bronze,Matt Metal,https://static.tildacdn.com/stor6135-6437-4636-b438-323561396266/13863644.jpg
MM034,Matt Metal Shadow Brown,Matt Metal,https://static.tildacdn.com/stor6430-3561-4565-a466-346631326439/57802889.jpg
MM035,Matt Metal Chartreuse Green,Matt Metal,https://static.tildacdn.com/stor3638-6635-4834-a632-623639303535/37475519.jpg
MM036,Matt Metal Shadow Gold,Matt Metal,https://static.tildacdn.com/stor6639-3639-4434-b437-643862316437/21137590.jpg
MM037,Matt Metal Flame Red,Matt Metal,https://static.tildacdn.com/stor6161-3739-4339-b733-343762356664/80050946.jpg
MM038,Matt Metal Shadow Blue,Matt Metal,https://static.tildacdn.com/stor3937-6162-4637-b266-346436373765/64905676.jpg
MM039,Matt Metal Desert Yellow,Matt Metal,https://static.tildacdn.com/stor3434-3166-4630-b562-613935643738/22162777.jpg
MM040,Matt Metal Khaki Green,Matt Metal,https://static.tildacdn.com/stor6665-6236-4563-a531-333063666535/92033058.jpg
MM041,Matt Metal Gold Brown,Matt Metal,https://static.tildacdn.com/stor6231-3533-4665-a266-636237383564/50199729.jpg
MM043,Matt Liquid Metal Tungsten Steel,Matt Metal,https://static.tildacdn.com/stor3463-3464-4432-a131-386363346233/63899834.jpg
MM044,Matt Metal Racing Yellow,Matt Metal,https://static.tildacdn.com/stor3263-6264-4438-b832-623936643830/22189496.jpg
MM045,Matt White,Matt Metal,https://static.tildacdn.com/stor3565-6334-4932-b639-303138366134/83122995.jpg
MM046,Matt Metal Shell Pink,Matt Metal,https://static.tildacdn.com/stor6133-3362-4137-b361-656533626666/38946008.jpg
MM047,Matt Metal Racing Orange,Matt Metal,https://static.tildacdn.com/stor6231-6462-4135-a230-333238656130/74678255.jpg
MM048,Matt Metal Green Raceway,Matt Metal,https://static.tildacdn.com/stor3065-6133-4161-a239-663435616161/26869164.jpg
SD101,Laser White,Special Design,https://static.tildacdn.com/stor3366-6231-4563-a564-626137376265/13847633.jpg
SD102,Laser Black,Special Design,https://static.tildacdn.com/stor3366-3237-4930-a565-633134346339/27629608.jpg
SD103,Vagary Lemon Yellow,Special Design,https://static.tildacdn.com/stor6434-3865-4765-a336-326631656162/73905165.jpg
SD104,Flower Pink,Special Design,https://static.tildacdn.com/stor3834-6562-4337-a664-623066363638/30915638.jpg
SD106,Chameleon Silver Purple,Special Design,https://static.tildacdn.com/stor3864-3962-4036-b630-386132393333/33126839.jpg
SD107,Chameleon Tiffany,Special Design,
SD108,Chameleon Tephros,Special Design,https://static.tildacdn.com/stor3331-6238-4764-b261-383062313835/24818954.jpg
SD109,Chameleon Turquoise,Special Design,https://static.tildacdn.com/stor6661-3962-4434-a139-353466623834/60555841.jpg
SD110,Chameleon Carmine Pink,Special Design,https://static.tildacdn.com/stor3339-3466-4435-a165-663839653731/35955814.jpg
SD111,Chameleon Grey Purple,Special Design,https://static.tildacdn.com/stor6439-6237-4430-b363-336433663832/90654195.jpg
SD112,Auroral White,Special Design,https://static.tildacdn.com/stor3863-3939-4835-b434-323530326162/15506648.jpg
SD113,Shadow of Stars,Special Design,https://static.tildacdn.com/stor6635-3065-4861-b836-393139376237/36177979.jpg
SD114,Diamond White,Special Design,https://static.tildacdn.com/stor6166-6432-4635-b337-663430306362/81129068.jpg
SD115,Diamond White Gold,Special Design,https://static.tildacdn.com/stor6438-3866-4236-b062-373132393434/15348043.jpg
SD116,Diamond White Red,Special Design,https://static.tildacdn.com/stor6261-6261-4762-b035-393865633035/86351752.jpg
SD117,Diamond White Blue,Special Design,https://static.tildacdn.com/stor3963-6137-4065-a135-316165626438/22838712.jpg
SD119,Carbon Black Metallic,Special Design,https://static.tildacdn.com/stor3334-3436-4839-a435-626539326661/75805247.jpg
SD121,Glazed Tata Red,Special Design,https://static.tildacdn.com/stor6166-3531-4736-a231-383137666662/25315966.jpg
SD124,Attractive Red,Special Design,https://static.tildacdn.com/stor3563-3163-4662-a232-353536356332/28313654.jpg
SD201,Fantastic Black Cherry,Special Design,https://static.tildacdn.com/stor3766-6165-4064-b264-653465353361/40376198.jpg
SD202,Flip Psychedelic Grey,Special Design,https://static.tildacdn.com/stor6631-3737-4661-a335-623131643730/38130618.jpg
SD203,Flip Psychedelic Green,Special Design,https://static.tildacdn.com/stor3738-3238-4166-a361-613063313031/23583672.jpg
SD401,Black Carbon Fiber,Special Design,https://static.tildacdn.com/stor6163-3263-4963-b565-656430356135/61381925.jpg
SD402,Carbon Fiber,Special Design,
